strategy,params,params_json,profit,bankrupt,dd50,dd80,worst_dd
adaptive_constant_profit,k=5.00_var,"{""k"": 5.0}",15554.187960517842,4.92,100.0,98.7,-99.99731498281093
exponential_roi,base=7.0%_e=2.5,"{""base"": 7.0, ""exp"": 2.5}",14963.126692605194,7.8,100.0,99.31,-99.99718511570774
exponential_roi,base=7.0%_e=2.0,"{""base"": 7.0, ""exp"": 2.0}",14963.126692605194,7.8,100.0,99.31,-99.99718511570774
exponential_roi,base=6.0%_e=2.0,"{""base"": 6.0, ""exp"": 2.0}",14963.126692605194,7.8,100.0,99.31,-99.99718511570774
exponential_roi,base=6.0%_e=3.0,"{""base"": 6.0, ""exp"": 3.0}",14963.126692605194,7.8,100.0,99.31,-99.99718511570774
exponential_roi,base=7.0%_e=1.3,"{""base"": 7.0, ""exp"": 1.3}",14963.126692605194,7.8,100.0,99.31,-99.99718511570774
exponential_roi,base=6.0%_e=2.5,"{""base"": 6.0, ""exp"": 2.5}",14963.126692605194,7.8,100.0,99.31,-99.99718511570774
exponential_roi,base=7.0%_e=1.5,"{""base"": 7.0, ""exp"": 1.5}",14963.126692605194,7.8,100.0,99.31,-99.99718511570774
exponential_roi,base=7.0%_e=1.7,"{""base"": 7.0, ""exp"": 1.7}",14963.126692605194,7.8,100.0,99.31,-99.99718511570774
exponential_roi,base=6.0%_e=1.7,"{""base"": 6.0, ""exp"": 1.7}",14963.126692605194,7.8,100.0,99.31,-99.99718511570774
exponential_roi,base=5.0%_e=3.0,"{""base"": 5.0, ""exp"": 3.0}",14963.126692605194,7.8,100.0,99.31,-99.99718511570774
exponential_roi,base=7.0%_e=3.0,"{""base"": 7.0, ""exp"": 3.0}",14963.126692605194,7.8,100.0,99.31,-99.99718511570774
exponential_roi,base=5.0%_e=2.5,"{""base"": 5.0, ""exp"": 2.5}",14963.126692605194,7.8,100.0,99.31,-99.99718511570774
exponential_roi,base=4.0%_e=3.0,"{""base"": 4.0, ""exp"": 3.0}",14963.126692605194,7.8,100.0,99.31,-99.99718511570774
linear_roi,base=8.0%,"{""base"": 8.0}",14808.984422167552,7.489999999999999,100.0,99.35000000000001,-99.9977608293067
linear_roi,base=10.0%,"{""base"": 10.0}",14808.984422167552,7.489999999999999,100.0,99.35000000000001,-99.9977608293067
linear_roi,base=9.0%,"{""base"": 9.0}",14808.984422167552,7.489999999999999,100.0,99.35000000000001,-99.9977608293067
exponential_roi,base=6.0%_e=1.5,"{""base"": 6.0, ""exp"": 1.5}",14784.538080082735,7.71,100.0,99.3,-99.99712063274704
anti_martingale,base=10.0%_m=1.7,"{""base"": 10.0, ""mult"": 1.7}",14728.861851264986,7.539999999999999,100.0,99.33,-99.9979620157816
anti_martingale,base=10.0%_m=1.2,"{""base"": 10.0, ""mult"": 1.2}",14728.861851264986,7.539999999999999,100.0,99.33,-99.9979620157816
anti_martingale,base=10.0%_m=1.8,"{""base"": 10.0, ""mult"": 1.8}",14728.861851264986,7.539999999999999,100.0,99.33,-99.9979620157816
anti_martingale,base=10.0%_m=1.5,"{""base"": 10.0, ""mult"": 1.5}",14728.861851264986,7.539999999999999,100.0,99.33,-99.9979620157816
anti_martingale,base=10.0%_m=3.0,"{""base"": 10.0, ""mult"": 3.0}",14728.861851264986,7.539999999999999,100.0,99.33,-99.9979620157816
anti_martingale,base=10.0%_m=1.6,"{""base"": 10.0, ""mult"": 1.6}",14728.861851264986,7.539999999999999,100.0,99.33,-99.9979620157816
anti_martingale,base=10.0%_m=2.0,"{""base"": 10.0, ""mult"": 2.0}",14728.861851264986,7.539999999999999,100.0,99.33,-99.9979620157816
anti_martingale,base=10.0%_m=2.5,"{""base"": 10.0, ""mult"": 2.5}",14728.861851264986,7.539999999999999,100.0,99.33,-99.9979620157816
anti_martingale,base=10.0%_m=1.4,"{""base"": 10.0, ""mult"": 1.4}",14728.861851264986,7.539999999999999,100.0,99.33,-99.9979620157816
anti_martingale,base=10.0%_m=1.3,"{""base"": 10.0, ""mult"": 1.3}",14728.861851264986,7.539999999999999,100.0,99.33,-99.9979620157816
exponential_roi,base=5.0%_e=2.0,"{""base"": 5.0, ""exp"": 2.0}",14370.423087284764,7.48,100.0,99.27,-99.99708986843451
linear_roi,base=7.0%,"{""base"": 7.0}",14260.455247288677,7.16,100.0,99.33999999999999,-99.99749245565597
fixed_fraction,10.0%,"{""pct"": 10.0}",13558.512913840443,7.59,100.0,99.33999999999999,-99.99846878251456
adaptive_constant_profit,k=4.50_var,"{""k"": 4.5}",13435.070502281156,3.85,100.0,98.11999999999999,-99.99726125095297
exponential_roi,base=6.0%_e=1.3,"{""base"": 6.0, ""exp"": 1.3}",12902.856064846734,6.7,100.0,98.99,-99.99659227006356
exponential_roi,base=4.0%_e=2.5,"{""base"": 4.0, ""exp"": 2.5}",12858.406954666601,6.68,100.0,98.96000000000001,-99.99654112536507
anti_martingale,base=8.0%_m=1.4,"{""base"": 8.0, ""mult"": 1.4}",12302.482632719782,5.83,100.0,98.72999999999999,-99.99745012714918
anti_martingale,base=8.0%_m=2.0,"{""base"": 8.0, ""mult"": 2.0}",12302.482632719782,5.83,100.0,98.72999999999999,-99.99745012714918
anti_martingale,base=8.0%_m=1.8,"{""base"": 8.0, ""mult"": 1.8}",12302.482632719782,5.83,100.0,98.72999999999999,-99.99745012714918
anti_martingale,base=8.0%_m=1.3,"{""base"": 8.0, ""mult"": 1.3}",12302.482632719782,5.83,100.0,98.72999999999999,-99.99745012714918
anti_martingale,base=8.0%_m=1.5,"{""base"": 8.0, ""mult"": 1.5}",12302.482632719782,5.83,100.0,98.72999999999999,-99.99745012714918
anti_martingale,base=8.0%_m=1.6,"{""base"": 8.0, ""mult"": 1.6}",12302.482632719782,5.83,100.0,98.72999999999999,-99.99745012714918
anti_martingale,base=8.0%_m=1.7,"{""base"": 8.0, ""mult"": 1.7}",12302.482632719782,5.83,100.0,98.72999999999999,-99.99745012714918
anti_martingale,base=8.0%_m=3.0,"{""base"": 8.0, ""mult"": 3.0}",12302.482632719782,5.83,100.0,98.72999999999999,-99.99745012714918
anti_martingale,base=8.0%_m=2.5,"{""base"": 8.0, ""mult"": 2.5}",12302.482632719782,5.83,100.0,98.72999999999999,-99.99745012714918
anti_martingale,base=8.0%_m=1.2,"{""base"": 8.0, ""mult"": 1.2}",11951.05413214871,5.66,100.0,98.71,-99.99746494450335
exponential_roi,base=5.0%_e=1.7,"{""base"": 5.0, ""exp"": 1.7}",11642.403402012824,5.87,100.0,98.68,-99.99577355525446
adaptive_constant_profit,k=4.00_var,"{""k"": 4.0}",11055.615576619244,2.68,100.0,96.86,-99.99639987737001
anti_martingale,base=7.0%_m=2.5,"{""base"": 7.0, ""mult"": 2.5}",10822.21291617278,4.65,100.0,98.08,-99.9965515945609
anti_martingale,base=7.0%_m=3.0,"{""base"": 7.0, ""mult"": 3.0}",10822.21291617278,4.65,100.0,98.08,-99.9965515945609
anti_martingale,base=7.0%_m=1.8,"{""base"": 7.0, ""mult"": 1.8}",10822.21291617278,4.65,100.0,98.08,-99.9965515945609
anti_martingale,base=7.0%_m=1.7,"{""base"": 7.0, ""mult"": 1.7}",10822.21291617278,4.65,100.0,98.08,-99.9965515945609
anti_martingale,base=7.0%_m=1.6,"{""base"": 7.0, ""mult"": 1.6}",10822.21291617278,4.65,100.0,98.08,-99.9965515945609
anti_martingale,base=7.0%_m=1.5,"{""base"": 7.0, ""mult"": 1.5}",10822.21291617278,4.65,100.0,98.08,-99.9965515945609
anti_martingale,base=7.0%_m=2.0,"{""base"": 7.0, ""mult"": 2.0}",10822.21291617278,4.65,100.0,98.08,-99.9965515945609
anti_martingale,base=7.0%_m=1.4,"{""base"": 7.0, ""mult"": 1.4}",10648.533306756293,4.61,100.0,98.03,-99.99637616788429
anti_martingale,base=7.0%_m=1.3,"{""base"": 7.0, ""mult"": 1.3}",10040.9105430563,4.34,100.0,97.77,-99.99584666029887
exponential_roi,base=5.0%_e=1.5,"{""base"": 5.0, ""exp"": 1.5}",9994.5080184315,4.8,100.0,98.14,-99.99541659357737
exponential_roi,base=3.0%_e=3.0,"{""base"": 3.0, ""exp"": 3.0}",9843.314783186881,4.6899999999999995,100.0,98.09,-99.9952258766358
linear_roi,base=6.0%,"{""base"": 6.0}",9830.731749559734,4.89,100.0,98.25,-99.99607308871504
anti_martingale,base=7.0%_m=1.2,"{""base"": 7.0, ""mult"": 1.2}",9440.210272925851,3.8899999999999997,100.0,97.55,-99.99557515550525
sqrt_roi,base=7.0%,"{""base"": 7.0}",9259.89104074264,4.81,100.0,98.11999999999999,-99.99660616331118
anti_martingale,base=6.0%_m=1.7,"{""base"": 6.0, ""mult"": 1.7}",8909.038414603569,3.38,100.0,97.0,-99.99544883731848
anti_martingale,base=6.0%_m=1.8,"{""base"": 6.0, ""mult"": 1.8}",8909.038414603569,3.38,100.0,97.0,-99.99544883731848
anti_martingale,base=6.0%_m=2.0,"{""base"": 6.0, ""mult"": 2.0}",8909.038414603569,3.38,100.0,97.0,-99.99544883731848
anti_martingale,base=6.0%_m=2.5,"{""base"": 6.0, ""mult"": 2.5}",8909.038414603569,3.38,100.0,97.0,-99.99544883731848
anti_martingale,base=6.0%_m=3.0,"{""base"": 6.0, ""mult"": 3.0}",8909.038414603569,3.38,100.0,97.0,-99.99544883731848
fixed_fraction,8.0%,"{""pct"": 8.0}",8846.359622859316,4.2299999999999995,100.0,97.77,-99.99569531418744
exponential_roi,base=4.0%_e=2.0,"{""base"": 4.0, ""exp"": 2.0}",8693.413583896168,3.88,100.0,97.46000000000001,-99.99488730574963
adaptive_constant_profit,k=3.50_var,"{""k"": 3.5}",8635.008756813264,1.66,100.0,94.75,-99.99420160213194
anti_martingale,base=6.0%_m=1.6,"{""base"": 6.0, ""mult"": 1.6}",8598.741534072135,3.25,100.0,96.86,-99.99523856607408
exponential_roi,base=5.0%_e=1.3,"{""base"": 5.0, ""exp"": 1.3}",8416.999292687193,3.74,100.0,97.26,-99.99450610950635
anti_martingale,base=6.0%_m=1.5,"{""base"": 6.0, ""mult"": 1.5}",8141.376640330541,3.1,100.0,96.54,-99.9955383376308
anti_martingale,base=6.0%_m=1.4,"{""base"": 6.0, ""mult"": 1.4}",7719.0866580012025,2.81,100.0,96.15,-99.99528729233235
anti_martingale,base=6.0%_m=1.3,"{""base"": 6.0, ""mult"": 1.3}",7281.84740715975,2.5,100.0,95.74000000000001,-99.9951866839268
anti_martingale,base=5.0%_m=3.0,"{""base"": 5.0, ""mult"": 3.0}",7014.694547109687,2.18,100.0,95.19,-99.99551581114903
anti_martingale,base=5.0%_m=2.5,"{""base"": 5.0, ""mult"": 2.5}",7014.694547109687,2.18,100.0,95.19,-99.99551581114903
anti_martingale,base=5.0%_m=2.0,"{""base"": 5.0, ""mult"": 2.0}",7014.694547109687,2.18,100.0,95.19,-99.99551581114903
exponential_roi,base=4.0%_e=1.7,"{""base"": 4.0, ""exp"": 1.7}",6645.645224495535,2.55,100.0,95.6,-99.99337235031751
anti_martingale,base=6.0%_m=1.2,"{""base"": 6.0, ""mult"": 1.2}",6418.267663403286,2.0,100.0,94.62,-99.99523416104178
anti_martingale,base=5.0%_m=1.8,"{""base"": 5.0, ""mult"": 1.8}",6393.269649894704,1.94,99.99,94.34,-99.99508908762915
adaptive_constant_profit,k=3.00_var,"{""k"": 3.0}",6322.030344418157,0.84,100.0,90.84,-99.99332208927024
exponential_roi,base=3.0%_e=2.5,"{""base"": 3.0, ""exp"": 2.5}",6309.328858407344,2.29,100.0,95.19999999999999,-99.99321191462914
sqrt_roi,base=6.0%,"{""base"": 6.0}",6285.175086993125,2.65,100.0,95.81,-99.99493958123848
fixed_fraction,7.0%,"{""pct"": 7.0}",6235.871205854119,2.45,99.99,95.50999999999999,-99.9937473887532
anti_martingale,base=5.0%_m=1.7,"{""base"": 5.0, ""mult"": 1.7}",6102.535611952347,1.76,99.99,93.83,-99.99530525740622
anti_martingale,base=4.5%_m=3.0,"{""base"": 4.5, ""mult"": 3.0}",6089.688043273114,1.73,99.99,93.97,-99.99521961501573
anti_martingale,base=4.5%_m=2.5,"{""base"": 4.5, ""mult"": 2.5}",6089.688043273114,1.73,99.99,93.97,-99.99521961501573
linear_roi,base=5.0%,"{""base"": 5.0}",5965.909894462963,2.46,100.0,95.62,-99.99449715791975
anti_martingale,base=5.0%_m=1.6,"{""base"": 5.0, ""mult"": 1.6}",5804.008690632334,1.59,99.99,93.32000000000001,-99.9953023721328
anti_martingale,base=4.5%_m=2.0,"{""base"": 4.5, ""mult"": 2.0}",5569.431462494416,1.53,99.99,93.08999999999999,-99.99473480429366
anti_martingale,base=5.0%_m=1.5,"{""base"": 5.0, ""mult"": 1.5}",5493.225045197008,1.39,99.99,92.47,-99.99494975444965
exponential_roi,base=4.0%_e=1.5,"{""base"": 4.0, ""exp"": 1.5}",5467.232153032734,1.77,100.0,93.93,-99.99277768517163
adaptive_constant_profit,k=2.80_var,"{""k"": 2.8}",5441.5890729522125,0.5499999999999999,100.0,87.97,-99.99265390824648
anti_martingale,base=4.0%_m=3.0,"{""base"": 4.0, ""mult"": 3.0}",5213.619528936796,1.29,100.0,92.65,-99.99333273582391
anti_martingale,base=4.0%_m=2.5,"{""base"": 4.0, ""mult"": 2.5}",5213.619528936796,1.29,100.0,92.65,-99.99333273582391
anti_martingale,base=5.0%_m=1.4,"{""base"": 5.0, ""mult"": 1.4}",5141.857381494741,1.1199999999999999,99.99,91.33,-99.99517841374293
anti_martingale,base=4.5%_m=1.8,"{""base"": 4.5, ""mult"": 1.8}",5105.1791337015775,1.21,99.99,91.81,-99.9941552066726
anti_martingale,base=4.5%_m=1.7,"{""base"": 4.5, ""mult"": 1.7}",4859.963201521501,1.04,99.99,90.82000000000001,-99.99402924891602
anti_martingale,base=4.5%_m=1.6,"{""base"": 4.5, ""mult"": 1.6}",4611.737819810087,0.8699999999999999,99.99,89.64999999999999,-99.99410526100434
adaptive_constant_profit,k=2.60_var,"{""k"": 2.6}",4608.797491749699,0.32,99.99,84.57000000000001,-99.99183492457396
anti_martingale,base=5.0%_m=1.3,"{""base"": 5.0, ""mult"": 1.3}",4519.273518429382,0.7799999999999999,99.99,89.21,-99.99416290314092
exponential_roi,base=4.0%_e=1.3,"{""base"": 4.0, ""exp"": 1.3}",4484.622937657294,1.21,99.99,91.24,-99.99147046751652
anti_martingale,base=3.5%_m=3.0,"{""base"": 3.5, ""mult"": 3.0}",4418.2297576862675,0.91,100.0,91.09,-99.98982320424192
anti_martingale,base=4.5%_m=1.5,"{""base"": 4.5, ""mult"": 1.5}",4362.148428838328,0.72,99.99,88.64,-99.99292154735309
anti_martingale,base=4.0%_m=2.0,"{""base"": 4.0, ""mult"": 2.0}",4338.761738435413,0.79,99.99,89.35,-99.99253055431429
fixed_fraction,6.0%,"{""pct"": 6.0}",4011.5208165974364,0.8699999999999999,99.99,90.07,-99.99152683505102
anti_martingale,base=3.5%_m=2.5,"{""base"": 3.5, ""mult"": 2.5}",3980.8506241130717,0.59,100.0,88.73,-99.98818176310988
anti_martingale,base=4.0%_m=1.8,"{""base"": 4.0, ""mult"": 1.8}",3955.2013922942742,0.5599999999999999,99.99,87.33,-99.98964094979556
anti_martingale,base=4.5%_m=1.4,"{""base"": 4.5, ""mult"": 1.4}",3886.3055559093145,0.48,99.99,86.19,-99.99100882605411
exponential_roi,base=3.0%_e=2.0,"{""base"": 3.0, ""exp"": 2.0}",3843.766676059169,0.84,99.99,88.64,-99.99073422878733
adaptive_constant_profit,k=2.40_var,"{""k"": 2.4}",3833.206492863899,0.21,99.95,79.55,-99.99134984572947
sqrt_roi,base=5.0%,"{""base"": 5.0}",3783.834617984496,0.83,100.0,89.17,-99.99232474918554
anti_martingale,base=4.0%_m=1.7,"{""base"": 4.0, ""mult"": 1.7}",3760.551724307308,0.43,99.99,86.00999999999999,-99.98749640627541
anti_martingale,base=5.0%_m=1.2,"{""base"": 5.0, ""mult"": 1.2}",3742.8013938449735,0.45999999999999996,99.99,85.83,-99.99231376815112
anti_martingale,base=4.0%_m=1.6,"{""base"": 4.0, ""mult"": 1.6}",3569.3134853903325,0.33999999999999997,99.99,84.68,-99.98493694394305
anti_martingale,base=3.0%_m=3.0,"{""base"": 3.0, ""mult"": 3.0}",3427.6887266771505,0.45999999999999996,100.0,87.36,-99.9811068181445
anti_martingale,base=4.5%_m=1.3,"{""base"": 4.5, ""mult"": 1.3}",3404.390540846727,0.26,99.97,83.33,-99.98752087987243
anti_martingale,base=3.5%_m=2.0,"{""base"": 3.5, ""mult"": 2.0}",3271.0283058403647,0.29,99.99,83.84,-99.97617073401823
anti_martingale,base=4.0%_m=1.5,"{""base"": 4.0, ""mult"": 1.5}",3223.2018209333633,0.2,99.98,82.01,-99.98096973277765
linear_roi,base=4.0%,"{""base"": 4.0}",3211.43213983322,0.48,99.96000000000001,85.92,-99.9899458198387
exponential_roi,base=2.0%_e=3.0,"{""base"": 2.0, ""exp"": 3.0}",3141.863351847571,0.44999999999999996,99.94,83.8,-99.98875598406785
adaptive_constant_profit,k=2.20_var,"{""k"": 2.2}",3125.2729912627938,0.1,99.82,73.31,-99.98975047870674
anti_martingale,base=3.5%_m=1.8,"{""base"": 3.5, ""mult"": 1.8}",2978.9980586278057,0.19,99.98,81.14,-99.97351040419447
anti_martingale,base=3.0%_m=2.5,"{""base"": 3.0, ""mult"": 2.5}",2929.3206314409904,0.21,100.0,83.09,-99.97238413254964
exponential_roi,base=3.0%_e=1.7,"{""base"": 3.0, ""exp"": 1.7}",2861.905780436958,0.38,99.92,81.46,-99.98772194966932
anti_martingale,base=4.0%_m=1.4,"{""base"": 4.0, ""mult"": 1.4}",2855.6564573605347,0.16,99.95,78.19,-99.97481501651315
anti_martingale,base=3.5%_m=1.7,"{""base"": 3.5, ""mult"": 1.7}",2838.155726716923,0.18,99.97,79.57,-99.97182089904155
anti_martingale,base=4.5%_m=1.2,"{""base"": 4.5, ""mult"": 1.2}",2737.8775874148428,0.15,99.92,77.7,-99.97921644376703
anti_martingale,base=3.5%_m=1.6,"{""base"": 3.5, ""mult"": 1.6}",2566.848195669922,0.13,99.95,75.71,-99.96169775731528
adaptive_constant_profit,k=2.00_var,"{""k"": 2.0}",2489.8367771588787,0.04,99.68,65.63,-99.9844465135334
anti_martingale,base=2.5%_m=3.0,"{""base"": 2.5, ""mult"": 3.0}",2446.5424802384564,0.16999999999999998,100.0,80.67,-99.96364490073223
anti_martingale,base=4.0%_m=1.3,"{""base"": 4.0, ""mult"": 1.3}",2401.4944005147813,0.12,99.8,72.47,-99.96100796268308
anti_martingale,base=3.0%_m=2.0,"{""base"": 3.0, ""mult"": 2.0}",2394.5059440819027,0.08,99.96000000000001,76.06,-99.96090025480568
fixed_fraction,5.0%,"{""pct"": 5.0}",2372.3601206152325,0.2,99.87,76.28,-99.98315195145676
exponential_roi,base=3.0%_e=1.5,"{""base"": 3.0, ""exp"": 1.5}",2356.7284422117973,0.15,99.83999999999999,75.17,-99.98432607942718
anti_martingale,base=3.5%_m=1.5,"{""base"": 3.5, ""mult"": 1.5}",2295.048010462518,0.06,99.85000000000001,71.47,-99.95644837859442
adaptive_constant_profit,k=1.90_var,"{""k"": 1.9}",2200.5243564108678,0.02,99.47,60.89,-99.97826396500231
anti_martingale,base=3.0%_m=1.8,"{""base"": 3.0, ""mult"": 1.8}",2166.337484683818,0.06,99.92999999999999,72.04,-99.95115881025012
anti_martingale,base=2.5%_m=2.5,"{""base"": 2.5, ""mult"": 2.5}",2068.437673238874,0.08,99.96000000000001,74.36,-99.95209051686635
sqrt_roi,base=4.0%,"{""base"": 4.0}",2021.0420232561464,0.12,99.77000000000001,70.96000000000001,-99.9789220276628
anti_martingale,base=3.5%_m=1.4,"{""base"": 3.5, ""mult"": 1.4}",2012.0831993805514,0.05,99.68,65.53,-99.95210739147201
anti_martingale,base=3.0%_m=1.7,"{""base"": 3.0, ""mult"": 1.7}",1966.3490957165968,0.05,99.81,67.47,-99.94956372659342
exponential_roi,base=3.0%_e=1.3,"{""base"": 3.0, ""exp"": 1.3}",1948.8569515891488,0.09,99.67,68.01,-99.97892689065941
anti_martingale,base=4.0%_m=1.2,"{""base"": 4.0, ""mult"": 1.2}",1944.3254356042082,0.06,99.49,64.8,-99.9586907303504
exponential_roi,base=2.0%_e=2.5,"{""base"": 2.0, ""exp"": 2.5}",1939.6236708104952,0.09,99.66000000000001,67.74,-99.97851011241173
adaptive_constant_profit,k=1.80_var,"{""k"": 1.8}",1930.9851855212628,0.01,99.19,55.34,-99.96832209043464
anti_martingale,base=3.0%_m=1.6,"{""base"": 3.0, ""mult"": 1.6}",1772.3470015525647,0.02,99.65,61.69,-99.94968269546995
anti_martingale,base=2.5%_m=2.0,"{""base"": 2.5, ""mult"": 2.0}",1715.9553236602933,0.02,99.89,65.88000000000001,-99.94915927266959
adaptive_constant_profit,k=1.70_var,"{""k"": 1.7}",1682.3341153113463,0.0,98.66,48.93,-99.95044900268539
anti_martingale,base=2.0%_m=3.0,"{""base"": 2.0, ""mult"": 3.0}",1651.4809153207375,0.02,99.92,70.42,-99.94978666972764
anti_martingale,base=3.5%_m=1.3,"{""base"": 3.5, ""mult"": 1.3}",1641.9575376582243,0.0,99.14,56.720000000000006,-99.93385108238465
anti_martingale,base=3.0%_m=1.5,"{""base"": 3.0, ""mult"": 1.5}",1593.9127608234871,0.0,99.4,55.46,-99.94384915213732
adaptive_constant_profit,k=1.60_var,"{""k"": 1.6}",1455.7129219475116,0.0,97.87,42.34,-99.91692668643837
linear_roi,base=3.0%,"{""base"": 3.0}",1455.0905610547088,0.02,98.99,56.32,-99.94622034962973
anti_martingale,base=2.5%_m=1.8,"{""base"": 2.5, ""mult"": 1.8}",1441.3880279338007,0.02,99.52,55.31,-99.9488982771267
anti_martingale,base=2.0%_m=2.5,"{""base"": 2.0, ""mult"": 2.5}",1416.6514741847943,0.02,99.83999999999999,62.67,-99.94821426813579
anti_martingale,base=3.5%_m=1.2,"{""base"": 3.5, ""mult"": 1.2}",1345.5713811838798,0.0,98.31,47.510000000000005,-99.91269384295832
anti_martingale,base=3.0%_m=1.4,"{""base"": 3.0, ""mult"": 1.4}",1319.5372150401272,0.0,98.36,46.2,-99.86790888130464
anti_martingale,base=2.5%_m=1.7,"{""base"": 2.5, ""mult"": 1.7}",1309.8811847793822,0.0,99.0,49.309999999999995,-99.9202255797605
fixed_fraction,4.0%,"{""pct"": 4.0}",1291.7463570572843,0.01,98.42,50.739999999999995,-99.93153762574035
adaptive_constant_profit,k=1.50_var,"{""k"": 1.5}",1250.7438799925008,0.0,96.65,35.46,-99.849652146206
exponential_roi,base=2.0%_e=2.0,"{""base"": 2.0, ""exp"": 2.0}",1234.2183935447274,0.0,97.95,47.370000000000005,-99.90800263214378
anti_martingale,base=2.5%_m=1.6,"{""base"": 2.5, ""mult"": 1.6}",1188.5005972999124,0.0,98.27,43.6,-99.84932964674509
anti_martingale,base=2.0%_m=2.0,"{""base"": 2.0, ""mult"": 2.0}",1089.6707712429118,0.0,99.02,46.73,-99.9071684076384
anti_martingale,base=3.0%_m=1.3,"{""base"": 3.0, ""mult"": 1.3}",1089.6335948736457,0.0,96.73,36.77,-99.82664657913423
anti_martingale,base=1.5%_m=3.0,"{""base"": 1.5, ""mult"": 3.0}",1073.6736810476602,0.02,99.75,56.910000000000004,-99.9434953673577
adaptive_constant_profit,k=1.40_var,"{""k"": 1.4}",1066.5764968559056,0.0,94.45,29.25,-99.69570027845755
anti_martingale,base=2.5%_m=1.5,"{""base"": 2.5, ""mult"": 1.5}",999.6655028965678,0.0,96.56,33.739999999999995,-99.69730446407195
exponential_roi,base=2.0%_e=1.7,"{""base"": 2.0, ""exp"": 1.7}",958.6453541940671,0.0,95.56,35.15,-99.78714764628481
sqrt_roi,base=3.0%,"{""base"": 3.0}",957.8469238198433,0.0,95.59,35.65,-99.85094559902865
anti_martingale,base=1.5%_m=2.5,"{""base"": 1.5, ""mult"": 2.5}",924.5679591233533,0.0,99.32,49.39,-99.91210588430106
anti_martingale,base=2.0%_m=1.8,"{""base"": 2.0, ""mult"": 1.8}",916.9561269303318,0.0,97.3,35.15,-99.73196274156983
anti_martingale,base=3.0%_m=1.2,"{""base"": 3.0, ""mult"": 1.2}",908.9352923258152,0.0,94.19,28.999999999999996,-99.77900738755051
adaptive_constant_profit,k=1.30_var,"{""k"": 1.3}",902.3107675841734,0.0,91.31,22.5,-99.40863186649523
anti_martingale,base=2.5%_m=1.4,"{""base"": 2.5, ""mult"": 1.4}",834.3971119133415,0.0,93.4,24.95,-99.60274087614046
anti_martingale,base=2.0%_m=1.7,"{""base"": 2.0, ""mult"": 1.7}",833.7404415079856,0.0,95.98,30.14,-99.58317772208834
exponential_roi,base=2.0%_e=1.5,"{""base"": 2.0, ""exp"": 1.5}",816.5395717094412,0.0,93.14,27.950000000000003,-99.633798045004
adaptive_constant_profit,k=1.20_var,"{""k"": 1.2}",756.7465297138034,0.0,86.72999999999999,16.3,-98.95551590271172
anti_martingale,base=2.5%_m=1.3,"{""base"": 2.5, ""mult"": 1.3}",702.9606151225988,0.0,88.56,17.88,-99.49049719099177
anti_martingale,base=2.0%_m=1.6,"{""base"": 2.0, ""mult"": 1.6}",702.8613960068249,0.0,92.44,20.880000000000003,-99.20661579930162
exponential_roi,base=2.0%_e=1.3,"{""base"": 2.0, ""exp"": 1.3}",699.8663339476155,0.0,89.25,21.39,-99.38258920245678
fixed_fraction,3.0%,"{""pct"": 3.0}",649.5657836250244,0.0,87.3,18.240000000000002,-99.28671821532565
anti_martingale,base=1.5%_m=2.0,"{""base"": 1.5, ""mult"": 2.0}",646.122482433862,0.0,95.07,25.900000000000002,-99.49633242210773
anti_martingale,base=1.0%_m=3.0,"{""base"": 1.0, ""mult"": 3.0}",645.6997732690625,0.0,98.88,43.54,-99.81851271685613
adaptive_constant_profit,k=1.10_var,"{""k"": 1.1}",628.834348757398,0.0,79.47999999999999,10.93,-98.29170248912374
anti_martingale,base=2.5%_m=1.2,"{""base"": 2.5, ""mult"": 1.2}",598.2485258645602,0.0,83.02000000000001,13.01,-99.36906429477771
anti_martingale,base=2.0%_m=1.5,"{""base"": 2.0, ""mult"": 1.5}",595.2795975263999,0.0,85.42999999999999,13.700000000000001,-98.81194159189181
linear_roi,base=2.0%,"{""base"": 2.0}",558.6731411455128,0.0,81.82000000000001,13.28,-98.89400868851457
exponential_roi,base=1.0%_e=3.0,"{""base"": 1.0, ""exp"": 3.0}",538.2400921322759,0.0,79.66,12.0,-98.58845339781209
anti_martingale,base=1.5%_m=1.8,"{""base"": 1.5, ""mult"": 1.8}",521.348620035507,0.0,88.06,14.879999999999999,-98.8470353455631
adaptive_constant_profit,k=1.00_var,"{""k"": 1.0}",517.1690524129024,0.0,69.83,6.54,-97.40278830481
anti_martingale,base=2.0%_m=1.4,"{""base"": 2.0, ""mult"": 1.4}",508.339877816186,0.0,77.25999999999999,8.82,-98.50082104246457
anti_martingale,base=1.0%_m=2.5,"{""base"": 1.0, ""mult"": 2.5}",481.8880212773402,0.0,94.17,24.05,-99.38897440608118
adaptive_constant_profit,k=0.95_var,"{""k"": 0.95}",467.04240958200666,0.0,63.970000000000006,4.77,-96.82104947115563
anti_martingale,base=1.5%_m=1.7,"{""base"": 1.5, ""mult"": 1.7}",447.09620961111784,0.0,78.64999999999999,8.790000000000001,-97.90526827614265
anti_martingale,base=2.0%_m=1.3,"{""base"": 2.0, ""mult"": 1.3}",437.74919316272906,0.0,68.21000000000001,5.510000000000001,-98.14785344816096
adaptive_constant_profit,k=0.90_var,"{""k"": 0.9}",420.49730118328694,0.0,57.199999999999996,3.38,-96.13200578825503
sqrt_roi,base=2.0%,"{""base"": 2.0}",399.0635136316116,0.0,64.42,4.89,-96.68074869756441
anti_martingale,base=1.5%_m=1.6,"{""base"": 1.5, ""mult"": 1.6}",385.73345708114516,0.0,67.06,4.68,-96.65762198631846
exponential_roi,base=1.0%_e=2.5,"{""base"": 1.0, ""exp"": 2.5}",384.63147711676464,0.0,62.0,4.22,-96.20292963890591
anti_martingale,base=2.0%_m=1.2,"{""base"": 2.0, ""mult"": 1.2}",380.043448537179,0.0,59.25,3.4000000000000004,-97.76560694802376
adaptive_constant_profit,k=0.85_var,"{""k"": 0.85}",377.36757006969833,0.0,50.14999999999999,2.15,-95.30105149901226
adaptive_constant_profit,k=0.80_var,"{""k"": 0.8}",337.4845420181015,0.0,43.04,1.35,-94.22238284768446
anti_martingale,base=1.5%_m=1.5,"{""base"": 1.5, ""mult"": 1.5}",334.9782825248333,0.0,54.92,2.39,-95.11831975548824
anti_martingale,base=1.0%_m=2.0,"{""base"": 1.0, ""mult"": 2.0}",317.4406739118997,0.0,72.83,6.2,-97.13751043915764
adaptive_constant_profit,k=0.75_var,"{""k"": 0.75}",300.6306460254533,0.0,36.02,0.72,-92.90637741851316
anti_martingale,base=1.5%_m=1.4,"{""base"": 1.5, ""mult"": 1.4}",292.76619581044906,0.0,44.03,1.11,-93.15017921699096
fixed_fraction,2.0%,"{""pct"": 2.0}",292.41085783209803,0.0,44.4,1.39,-92.43218704081053
exponential_roi,base=1.0%_e=2.0,"{""base"": 1.0, ""exp"": 2.0}",282.7582274676245,0.0,41.74,1.11,-92.42821548361279
adaptive_constant_profit,k=0.70_var,"{""k"": 0.7}",266.6306631762419,0.0,28.67,0.41000000000000003,-91.23490338778801
anti_martingale,base=0.5%_m=3.0,"{""base"": 0.5, ""mult"": 3.0}",261.94987508346696,0.0,87.63,14.099999999999998,-97.9788152578175
anti_martingale,base=1.5%_m=1.3,"{""base"": 1.5, ""mult"": 1.3}",257.4812445059041,0.0,34.31,0.52,-90.7830765463339
anti_martingale,base=1.0%_m=1.8,"{""base"": 1.0, ""mult"": 1.8}",243.74209730601953,0.0,45.129999999999995,1.11,-93.63481089545265
exponential_roi,base=1.0%_e=1.7,"{""base"": 1.0, ""exp"": 1.7}",237.82785736996243,0.0,31.06,0.43,-89.55532537162757
adaptive_constant_profit,k=0.65_var,"{""k"": 0.65}",235.3160451983708,0.0,22.17,0.15,-89.16543330601286
anti_martingale,base=1.5%_m=1.2,"{""base"": 1.5, ""mult"": 1.2}",227.85338350555602,0.0,26.71,0.27,-89.28111416212332
anti_martingale,base=1.0%_m=1.7,"{""base"": 1.0, ""mult"": 1.7}",214.99768550018257,0.0,32.910000000000004,0.38,-91.08718729583055
exponential_roi,base=1.0%_e=1.5,"{""base"": 1.0, ""exp"": 1.5}",212.8165791924854,0.0,24.79,0.25,-87.41745702009197
adaptive_constant_profit,k=0.60_var,"{""k"": 0.6}",206.5091842270263,0.0,16.1,0.09,-86.70892282452533
exponential_roi,base=1.0%_e=1.3,"{""base"": 1.0, ""exp"": 1.3}",191.02853064661892,0.0,19.16,0.13999999999999999,-85.12388220101624
anti_martingale,base=1.0%_m=1.6,"{""base"": 1.0, ""mult"": 1.6}",190.4561771265996,0.0,22.74,0.11,-88.21438049702685
anti_martingale,base=0.5%_m=2.5,"{""base"": 0.5, ""mult"": 2.5}",183.51549177217098,0.0,62.2,2.78,-94.29993941714235
adaptive_constant_profit,k=0.55_var,"{""k"": 0.55}",180.01768376606503,0.0,10.82,0.01,-83.80960260280851
anti_martingale,base=1.0%_m=1.5,"{""base"": 1.0, ""mult"": 1.5}",169.43099395298952,0.0,15.03,0.04,-85.18205694717628
linear_roi,base=1.0%,"{""base"": 1.0}",163.06794998056813,0.0,12.42,0.02,-81.2706088679722
adaptive_constant_profit,k=0.50_var,"{""k"": 0.5}",155.6745839330185,0.0,6.65,0.01,-80.40581702018692
anti_martingale,base=1.0%_m=1.4,"{""base"": 1.0, ""mult"": 1.4}",151.36516547124384,0.0,9.84,0.01,-81.76729865126721
anti_martingale,base=1.0%_m=1.3,"{""base"": 1.0, ""mult"": 1.3}",135.80279031898965,0.0,6.370000000000001,0.0,-78.10263706462304
adaptive_constant_profit,k=0.45_var,"{""k"": 0.45}",133.3266432694171,0.0,3.6999999999999997,0.0,-76.42961777159101
sqrt_roi,base=1.0%,"{""base"": 1.0}",127.30929477013647,0.0,5.43,0.0,-73.72158401292683
anti_martingale,base=1.0%_m=1.2,"{""base"": 1.0, ""mult"": 1.2}",122.36779551078025,0.0,4.07,0.0,-74.14856919043889
adaptive_constant_profit,k=0.40_var,"{""k"": 0.4}",112.8220682144063,0.0,1.5599999999999998,0.0,-71.80634518313096
anti_martingale,base=0.5%_m=2.0,"{""base"": 0.5, ""mult"": 2.0}",106.73643861753061,0.0,8.63,0.01,-80.74771280426467
fixed_fraction,1.0%,"{""pct"": 1.0}",100.59608849850048,0.0,1.72,0.0,-67.86901979566265
adaptive_constant_profit,k=0.35_var,"{""k"": 0.35}",94.01828019514373,0.0,0.5,0.0,-66.45419759793258
anti_martingale,base=0.5%_m=1.8,"{""base"": 0.5, ""mult"": 1.8}",87.07034734965127,0.0,2.01,0.0,-72.63925670955868
anti_martingale,base=0.5%_m=1.7,"{""base"": 0.5, ""mult"": 1.7}",78.86825263224658,0.0,0.79,0.0,-68.12296017790757
adaptive_constant_profit,k=0.30_var,"{""k"": 0.3}",76.78243394064727,0.0,0.13,0.0,-60.28378915163009
anti_martingale,base=0.5%_m=1.6,"{""base"": 0.5, ""mult"": 1.6}",71.58435853151202,0.0,0.33999999999999997,0.0,-63.835361162824036
adaptive_constant_profit,k=0.28_var,"{""k"": 0.28}",70.29920621532005,0.0,0.1,0.0,-57.564970456305694
anti_martingale,base=0.5%_m=1.5,"{""base"": 0.5, ""mult"": 1.5}",65.11314094928065,0.0,0.1,0.0,-59.79854887496139
adaptive_constant_profit,k=0.25_var,"{""k"": 0.25}",60.99132324562102,0.0,0.01,0.0,-53.19769620337742
anti_martingale,base=0.5%_m=1.4,"{""base"": 0.5, ""mult"": 1.4}",59.36285011976792,0.0,0.04,0.0,-55.73023414597925
anti_martingale,base=0.5%_m=1.3,"{""base"": 0.5, ""mult"": 1.3}",54.2533594284135,0.0,0.01,0.0,-51.773276726964
adaptive_constant_profit,k=0.22_var,"{""k"": 0.22}",52.16232245609204,0.0,0.0,0.0,-48.46281447507806
anti_martingale,base=0.5%_m=1.2,"{""base"": 0.5, ""mult"": 1.2}",49.714380953327016,0.0,0.0,0.0,-47.84789261474419
adaptive_constant_profit,k=0.20_var,"{""k"": 0.2}",46.53089391081261,0.0,0.0,0.0,-45.089992607339816
adaptive_constant_profit,k=0.18_var,"{""k"": 0.18}",41.09539747391882,0.0,0.0,0.0,-41.53543431619225
adaptive_constant_profit,k=0.15_var,"{""k"": 0.15}",33.29559250969015,0.0,0.0,0.0,-35.84577389547414
adaptive_constant_profit,k=0.12_var,"{""k"": 0.12}",25.901535823965837,0.0,0.0,0.0,-29.702386188645796
adaptive_constant_profit,k=0.10_var,"{""k"": 0.1}",21.187760392110615,0.0,0.0,0.0,-25.34067028786601
adaptive_constant_profit,k=0.08_var,"{""k"": 0.08}",16.63985144046297,0.0,0.0,0.0,-20.755836730059233
adaptive_constant_profit,k=0.05_var,"{""k"": 0.05}",10.117069908775983,0.0,0.0,0.0,-13.44034824334052
