Top,Rank,Method,Parameter,Profit_%,Bankrupt_%,DD>50_%,DD>80_%,Worst_DD_%,Efficiency,Recommended_Bank
1,1,Kelly,3.00,4610,2.31,100.0,93.9,-100.0,46.1,1k € (всё или ничего)
2,10,Kelly,1.00,977,0.0,93.1,25.9,-99.4,9.829,10k € (Kelly полный) 💎
3,14,Logarithmic,7,493,0.0,67.0,6.1,-97.2,5.075,10k €
4,17,Kelly,0.60,354,0.0,46.9,1.8,-92.6,3.828,10k-20k €
5,18,Kelly,0.50,257,0.0,27.3,0.3,-88.1,2.919,10k-50k €
6,24,Logarithmic,15,135,0.0,4.0,0.0,-72.5,1.857,30k-100k €
7,30,Logarithmic,25,67,0.0,0.0,0.0,-55.9,1.195,200k+ €
8,31,Kelly,0.15,48,0.0,0.0,0.0,-43.1,1.115,200k+ €
9,32,Kelly,0.10,30,0.0,0.0,0.0,-31.9,0.94,300k+ €
